Workbook

Sheet Huong dan
A1: THỐNG KÊ TOKEN GEMINI THEO THỜI LƯỢNG VIDEO
A3: Mục đích | B3: Ước tính số token Gemini cho transcript và bản tóm tắt theo thời lượng video.
A4: Lưu ý | B4: Đây là ước tính. Token thực tế phụ thuộc ngôn ngữ, số từ/phút, prompt, output và cách chia chunk.
A6: Giả định mặc định
A7: Tốc độ nói trung bình (từ/phút) | B7: 130 | C7: Có thể đổi theo video thực tế
A8: Token trung bình / từ | B8: 1.5 | C8: Tiếng Việt thường dao động theo nội dung
A9: Prompt/system tokens mỗi request | B9: 700 | C9: Prompt tóm tắt + JSON schema
A10: Output tokens mỗi request | B10: 1000 | C10: Summary, key points, quiz, mindmap, exercises
A11: Giá input USD / 1M tokens | B11: 0.3 | C11: Giá tham khảo, cần cập nhật theo model/tài khoản
A12: Giá output USD / 1M tokens | B12: 2.5 | C12: Giá tham khảo, cần cập nhật theo model/tài khoản
A15: Cách dùng
A16: 1. Chỉnh các ô màu vàng nếu có số liệu thực tế.
A17: 2. Xem sheet 'Uoc tinh' để xem tổng input/output/chi phí.
A18: 3. Ghi usage thực tế từ response API vào sheet 'Nhap lieu thuc te'.
A19: 4. Nếu hệ thống chia transcript thành nhiều request, cộng thêm prompt tokens cho từng request.

Sheet Uoc tinh
A1: Thời lượng | B1: Phút | C1: Từ ước tính | D1: Input transcript tokens | E1: Prompt tokens | F1: Tổng input tokens | G1: Output tokens | H1: Tổng tokens | I1: Chi phí input USD | J1: Chi phí output USD | K1: Tổng chi phí USD
A2: 5 phút | B2: 5 | C2: =B2*'Huong dan'!$B$7 -> 650 | D2: =C2*'Huong dan'!$B$8 -> 975 | E2: ='Huong dan'!$B$9 -> 700 | F2: =D2+E2 -> 1675 | G2: ='Huong dan'!$B$10 -> 1000 | H2: =F2+G2 -> 2675 | I2: =F2/1000000*'Huong dan'!$B$11 -> 0.0005025 | J2: =G2/1000000*'Huong dan'!$B$12 -> 0.0025 | K2: =I2+J2 -> 0.0030025
A3: 10 phút | B3: 10 | C3: =B3*'Huong dan'!$B$7 -> 1300 | D3: =C3*'Huong dan'!$B$8 -> 1950 | E3: ='Huong dan'!$B$9 -> 700 | F3: =D3+E3 -> 2650 | G3: ='Huong dan'!$B$10 -> 1000 | H3: =F3+G3 -> 3650 | I3: =F3/1000000*'Huong dan'!$B$11 -> 0.000795 | J3: =G3/1000000*'Huong dan'!$B$12 -> 0.0025 | K3: =I3+J3 -> 0.003295
A4: 20 phút | B4: 20 | C4: =B4*'Huong dan'!$B$7 -> 2600 | D4: =C4*'Huong dan'!$B$8 -> 3900 | E4: ='Huong dan'!$B$9 -> 700 | F4: =D4+E4 -> 4600 | G4: ='Huong dan'!$B$10 -> 1000 | H4: =F4+G4 -> 5600 | I4: =F4/1000000*'Huong dan'!$B$11 -> 0.00138 | J4: =G4/1000000*'Huong dan'!$B$12 -> 0.0025 | K4: =I4+J4 -> 0.00388
A5: 30 phút | B5: 30 | C5: =B5*'Huong dan'!$B$7 -> 3900 | D5: =C5*'Huong dan'!$B$8 -> 5850 | E5: ='Huong dan'!$B$9 -> 700 | F5: =D5+E5 -> 6550 | G5: ='Huong dan'!$B$10 -> 1000 | H5: =F5+G5 -> 7550 | I5: =F5/1000000*'Huong dan'!$B$11 -> 0.001965 | J5: =G5/1000000*'Huong dan'!$B$12 -> 0.0025 | K5: =I5+J5 -> 0.004465
A6: 1 giờ | B6: 60 | C6: =B6*'Huong dan'!$B$7 -> 7800 | D6: =C6*'Huong dan'!$B$8 -> 11700 | E6: ='Huong dan'!$B$9 -> 700 | F6: =D6+E6 -> 12400 | G6: ='Huong dan'!$B$10 -> 1000 | H6: =F6+G6 -> 13400 | I6: =F6/1000000*'Huong dan'!$B$11 -> 0.00372 | J6: =G6/1000000*'Huong dan'!$B$12 -> 0.0025 | K6: =I6+J6 -> 0.00622

Sheet Kich ban
A1: Kịch bản | B1: Từ/phút | C1: Token/từ | D1: Prompt/request | E1: Output/request | F1: 5 phút tổng token | G1: 10 phút tổng token | H1: 20 phút tổng token | I1: 30 phút tổng token | J1: 60 phút tổng token
A2: Thấp | B2: 110 | C2: 1.2 | D2: 600 | E2: 700 | F2: =(5*B2*C2)+D2+E2 -> 1960 | G2: =(10*B2*C2)+D2+E2 -> 2620 | H2: =(20*B2*C2)+D2+E2 -> 3940 | I2: =(30*B2*C2)+D2+E2 -> 5260 | J2: =(60*B2*C2)+D2+E2 -> 9220
A3: Điển hình | B3: 130 | C3: 1.5 | D3: 700 | E3: 1000 | F3: =(5*B3*C3)+D3+E3 -> 2675 | G3: =(10*B3*C3)+D3+E3 -> 3650 | H3: =(20*B3*C3)+D3+E3 -> 5600 | I3: =(30*B3*C3)+D3+E3 -> 7550 | J3: =(60*B3*C3)+D3+E3 -> 13400
A4: Cao | B4: 160 | C4: 1.9 | D4: 900 | E4: 1400 | F4: =(5*B4*C4)+D4+E4 -> 3820 | G4: =(10*B4*C4)+D4+E4 -> 5340 | H4: =(20*B4*C4)+D4+E4 -> 8380 | I4: =(30*B4*C4)+D4+E4 -> 11420 | J4: =(60*B4*C4)+D4+E4 -> 20540

Sheet Nhap lieu thuc te
A1: Ngày | B1: Video/API request | C1: Thời lượng phút | D1: Input tokens | E1: Output tokens | F1: Tổng tokens | G1: Chi phí input USD | H1: Chi phí output USD | I1: Tổng chi phí USD | J1: Model | K1: Ghi chú
A2: 46284.048 | B2: Improve your Speaking and Conversational skills with me | C2: 4.25 | D2: =ROUND(674*'Huong dan'!$B$8,0)+'Huong dan'!$B$9 -> 1711 | E2: ='Huong dan'!$B$10 -> 1000 | F2: =D2+E2 -> 2711 | G2: =D2/1000000*'Huong dan'!$B$11 -> 0.0005133 | H2: =E2/1000000*'Huong dan'!$B$12 -> 0.0025 | I2: =G2+H2 -> 0.0030133 | J2: gemini-2.5-flash (estimate) | K2: Firebase transcript estimate; 674 condensed words; 72 segments
A3: 46297.151 | B3: 45 Minute English Lesson: Vocabulary, Grammar, Pronunciation | C3: 40.98 | D3: =ROUND(1713*'Huong dan'!$B$8,0)+'Huong dan'!$B$9 -> 3270 | E3: ='Huong dan'!$B$10 -> 1000 | F3: =D3+E3 -> 4270 | G3: =D3/1000000*'Huong dan'!$B$11 -> 0.000981 | H3: =E3/1000000*'Huong dan'!$B$12 -> 0.0025 | I3: =G3+H3 -> 0.003481 | J3: gemini-2.5-flash (estimate) | K3: Firebase transcript estimate; 1713 condensed words; 729 segments
A4: 46290.166 | B4: Stop Learning Japanese. Watch This Instead. | C4: 3.1 | D4: =ROUND(554*'Huong dan'!$B$8,0)+'Huong dan'!$B$9 -> 1531 | E4: ='Huong dan'!$B$10 -> 1000 | F4: =D4+E4 -> 2531 | G4: =D4/1000000*'Huong dan'!$B$11 -> 0.0004593 | H4: =E4/1000000*'Huong dan'!$B$12 -> 0.0025 | I4: =G4+H4 -> 0.0029593 | J4: gemini-2.5-flash (estimate) | K4: Firebase transcript estimate; 554 condensed words; 64 segments
A5: 46284.049 | B5: Improve your Speaking and Conversational skills with me / English Speaking Practice | C5: 8.02 | D5: =ROUND(1165*'Huong dan'!$B$8,0)+'Huong dan'!$B$9 -> 2448 | E5: ='Huong dan'!$B$10 -> 1000 | F5: =D5+E5 -> 3448 | G5: =D5/1000000*'Huong dan'!$B$11 -> 0.0007344 | H5: =E5/1000000*'Huong dan'!$B$12 -> 0.0025 | I5: =G5+H5 -> 0.0032344 | J5: gemini-2.5-flash (estimate) | K5: Firebase transcript estimate; 1165 condensed words; 65 segments
A6: 46297.145 | B6: Comprehensible Japanese - Let's learn Japanese in the park!! 【Beginner】 [rjmKQ-fjnyQ] | C6: 0 | D6: =ROUND(512*'Huong dan'!$B$8,0)+'Huong dan'!$B$9 -> 1468 | E6: ='Huong dan'!$B$10 -> 1000 | F6: =D6+E6 -> 2468 | G6: =D6/1000000*'Huong dan'!$B$11 -> 0.0004404 | H6: =E6/1000000*'Huong dan'!$B$12 -> 0.0025 | I6: =G6+H6 -> 0.0029404 | J6: gemini-2.5-flash (estimate) | K6: Firebase transcript estimate; 512 condensed words; 85 segments
A7: 46296.335 | B7: 30-Minute English Study Routine | C7: 21.7 | D7: =ROUND(1716*'Huong dan'!$B$8,0)+'Huong dan'!$B$9 -> 3274 | E7: ='Huong dan'!$B$10 -> 1000 | F7: =D7+E7 -> 4274 | G7: =D7/1000000*'Huong dan'!$B$11 -> 0.0009822 | H7: =E7/1000000*'Huong dan'!$B$12 -> 0.0025 | I7: =G7+H7 -> 0.0034822 | J7: gemini-2.5-flash (estimate) | K7: Firebase transcript estimate; 1716 condensed words; 316 segments
A8: 46284.073 | B8: Learn How to Think In English ( Stop Translating in Your Head ) | C8: 6.5 | D8: =ROUND(1701*'Huong dan'!$B$8,0)+'Huong dan'!$B$9 -> 3252 | E8: ='Huong dan'!$B$10 -> 1000 | F8: =D8+E8 -> 4252 | G8: =D8/1000000*'Huong dan'!$B$11 -> 0.0009756 | H8: =E8/1000000*'Huong dan'!$B$12 -> 0.0025 | I8: =G8+H8 -> 0.0034756 | J8: gemini-2.5-flash (estimate) | K8: Firebase transcript estimate; 1701 condensed words; 110 segments
A9: 46290.182 | B9: How to Order Things in Japanese | C9: 3.62 | D9: =ROUND(336*'Huong dan'!$B$8,0)+'Huong dan'!$B$9 -> 1204 | E9: ='Huong dan'!$B$10 -> 1000 | F9: =D9+E9 -> 2204 | G9: =D9/1000000*'Huong dan'!$B$11 -> 0.0003612 | H9: =E9/1000000*'Huong dan'!$B$12 -> 0.0025 | I9: =G9+H9 -> 0.0028612 | J9: gemini-2.5-flash (estimate) | K9: Firebase transcript estimate; 336 condensed words; 19 segments
A10: 46284.054 | B10: Do you forget words when you speak English | Please watch this video... | C10: 4.63 | D10: =ROUND(833*'Huong dan'!$B$8,0)+'Huong dan'!$B$9 -> 1950 | E10: ='Huong dan'!$B$10 -> 1000 | F10: =D10+E10 -> 2950 | G10: =D10/1000000*'Huong dan'!$B$11 -> 0.000585 | H10: =E10/1000000*'Huong dan'!$B$12 -> 0.0025 | I10: =G10+H10 -> 0.003085 | J10: gemini-2.5-flash (estimate) | K10: Firebase transcript estimate; 833 condensed words; 99 segments
A11: 46304.375 | B11: Know My Name | C11: 1.53 | D11: =ROUND(123*'Huong dan'!$B$8,0)+'Huong dan'!$B$9 -> 885 | E11: ='Huong dan'!$B$10 -> 1000 | F11: =D11+E11 -> 1885 | G11: =D11/1000000*'Huong dan'!$B$11 -> 0.0002655 | H11: =E11/1000000*'Huong dan'!$B$12 -> 0.0025 | I11: =G11+H11 -> 0.0027655 | J11: gemini-2.5-flash (estimate) | K11: Firebase transcript estimate; 123 condensed words; 11 segments
A12: 46296.351 | B12: 45 Minute English Lesson: Vocabulary, Grammar, Pronunciation | C12: 46.78 | D12: =ROUND(1674*'Huong dan'!$B$8,0)+'Huong dan'!$B$9 -> 3211 | E12: ='Huong dan'!$B$10 -> 1000 | F12: =D12+E12 -> 4211 | G12: =D12/1000000*'Huong dan'!$B$11 -> 0.0009633 | H12: =E12/1000000*'Huong dan'!$B$12 -> 0.0025 | I12: =G12+H12 -> 0.0034633 | J12: gemini-2.5-flash (estimate) | K12: Firebase transcript estimate; 1674 condensed words; 284 segments
A13: 46304.272 | B13: The Japanese Interview - Real Real Japan | C13: 6.6 | D13: =ROUND(385*'Huong dan'!$B$8,0)+'Huong dan'!$B$9 -> 1278 | E13: ='Huong dan'!$B$10 -> 1000 | F13: =D13+E13 -> 2278 | G13: =D13/1000000*'Huong dan'!$B$11 -> 0.0003834 | H13: =E13/1000000*'Huong dan'!$B$12 -> 0.0025 | I13: =G13+H13 -> 0.0028834 | J13: gemini-2.5-flash (estimate) | K13: Firebase transcript estimate; 385 condensed words; 99 segments
A14: 46286.278 | B14: How to Improve Your English Speaking Skills (by Yourself) | C14: 4.58 | D14: =ROUND(924*'Huong dan'!$B$8,0)+'Huong dan'!$B$9 -> 2086 | E14: ='Huong dan'!$B$10 -> 1000 | F14: =D14+E14 -> 3086 | G14: =D14/1000000*'Huong dan'!$B$11 -> 0.0006258 | H14: =E14/1000000*'Huong dan'!$B$12 -> 0.0025 | I14: =G14+H14 -> 0.0031258 | J14: gemini-2.5-flash (estimate) | K14: Firebase transcript estimate; 924 condensed words; 70 segments
A15: 46296.37 | B15: Improve your English Speaking and Conversational Skills/ 45 min English Speaking Practice | C15: 44.77 | D15: =ROUND(1718*'Huong dan'!$B$8,0)+'Huong dan'!$B$9 -> 3277 | E15: ='Huong dan'!$B$10 -> 1000 | F15: =D15+E15 -> 4277 | G15: =D15/1000000*'Huong dan'!$B$11 -> 0.0009831 | H15: =E15/1000000*'Huong dan'!$B$12 -> 0.0025 | I15: =G15+H15 -> 0.0034831 | J15: gemini-2.5-flash (estimate) | K15: Firebase transcript estimate; 1718 condensed words; 253 segments
A16: 46291.068 | B16: How to Say Hello in Japanese | C16: 3.35 | D16: =ROUND(421*'Huong dan'!$B$8,0)+'Huong dan'!$B$9 -> 1332 | E16: ='Huong dan'!$B$10 -> 1000 | F16: =D16+E16 -> 2332 | G16: =D16/1000000*'Huong dan'!$B$11 -> 0.0003996 | H16: =E16/1000000*'Huong dan'!$B$12 -> 0.0025 | I16: =G16+H16 -> 0.0028996 | J16: gemini-2.5-flash (estimate) | K16: Firebase transcript estimate; 421 condensed words; 53 segments
A17: 46290.216 | B17: Mr. Garvey Is Your Substitute Teacher - Key & Peele | C17: 6.5 | D17: =ROUND(976*'Huong dan'!$B$8,0)+'Huong dan'!$B$9 -> 2164 | E17: ='Huong dan'!$B$10 -> 1000 | F17: =D17+E17 -> 3164 | G17: =D17/1000000*'Huong dan'!$B$11 -> 0.0006492 | H17: =E17/1000000*'Huong dan'!$B$12 -> 0.0025 | I17: =G17+H17 -> 0.0031492 | J17: gemini-2.5-flash (estimate) | K17: Firebase transcript estimate; 976 condensed words; 163 segments
